Address,Content Type,Status Code,Status,Indexability,Indexability Status,Title 1,Title 1 Length,Title 1 Pixel Width,Meta Description 1,Meta Description 1 Length,Meta Description 1 Pixel Width,Meta Keywords 1,Meta Keywords 1 Length,H1-1,H1-1 Length,H2-1,H2-1 Length,H2-2,H2-2 Length,Meta Robots 1,X-Robots-Tag 1,Meta Refresh 1,Canonical Link Element 1,Canonical Status,"rel=""next"" 1","rel=""prev"" 1","HTTP rel=""next"" 1","HTTP rel=""prev"" 1",Size (bytes),Transferred (bytes),Word Count,Sentence Count,Average Words Per Sentence,Flesch Reading Ease Score,Readability,Text Ratio,Crawl Depth,Folder Depth,Link Score,Inlinks,Unique Inlinks,Unique JS Inlinks,% of Total,Outlinks,Unique Outlinks,Unique JS Outlinks,External Outlinks,Unique External Outlinks,Unique External JS Outlinks,Closest Similarity Match,No. Near Duplicates,Hash,Response Time,Last Modified,Redirect URL,Redirect Type,Cookies,HTTP Version,URL Encoded Address,Crawl Timestamp,HTML Lang,Content Language
https://www.example.com/,text/html; charset=utf-8,200,200 OK,Indexable,Indexable,Example Domain - Home Page,29,189,"Welcome to Example.com, your trusted source for examples and demos.",67,369,"example, demo, test",19,Welcome to Example.com,22,About Us,8,Services,8,,,,https://www.example.com/,Self-Referencing,,,,,15000,0,450,25,18.0,65.2,Fairly Easy,22.5,0,0,0.0,2,2,0,28.57,5,4,0,1,1,0,,0,a9c8c5c0840281dd2ef4587b6ed6728d,0.342,,,,,,https://www.example.com/,2026-03-25T14:31:38.961947,en,en
https://www.example.com/about,text/html; charset=utf-8,200,200 OK,Indexable,Indexable,About Us - Example Domain,25,163,Learn about Example.com and our mission to provide quality examples.,67,369,,0,About Us,8,Our Mission,11,Our Team,8,,,,https://www.example.com/about,Self-Referencing,,,,,12000,0,320,18,17.8,58.0,Standard,18.3,1,1,0.0,1,1,0,14.29,1,1,0,0,0,0,,0,3da6cc5e509b96d329b9a61e1716dde4,0.523,,,,,,,2026-03-25T14:31:38.962368,en,
https://www.example.com/about-us,text/html; charset=utf-8,200,301 Moved Permanently,Non-Indexable,Redirect (301),,0,0,,0,0,,0,,0,,0,,0,,,,,,,,,,0,0,0,0,0.0,0.0,,0.0,1,0,0.0,0,0,0,0.0,0,0,0,0,0,0,,0,,0.800,,https://www.example.com/about,301,,,,2026-03-25T14:31:38.962606,,
https://www.example.com/old-page,text/html; charset=utf-8,404,404 Not Found,Non-Indexable,Non-200 Status Code (404),,0,0,,0,0,,0,,0,,0,,0,,,,,,,,,,0,0,0,0,0.0,0.0,,0.0,2,0,0.0,0,0,0,0.0,0,0,0,0,0,0,,0,,0.150,,,,,,,2026-03-25T14:31:38.962616,,
https://www.example.com/services,text/html; charset=utf-8,200,200 OK,Indexable,Indexable,About Us - Example Domain,25,163,"Our services include web development, SEO auditing, and more.",62,341,,0,Our Services,12,Web Development,15,SEO Auditing,12,,,,https://www.example.com/services,Self-Referencing,,,,,10000,0,280,15,18.7,52.0,Standard,16.0,1,1,0.0,1,1,0,14.29,2,2,0,0,0,0,,0,c649cd81bd8305bca92722b20f48cc1b,0.410,,,,,,,2026-03-25T14:31:38.962623,en,
https://www.example.com/blog,text/html; charset=utf-8,200,200 OK,Indexable,Indexable,Blog,4,26,,0,0,,0,,0,Latest Posts,12,,0,,,,,Missing,,,,,5000,0,85,5,0.0,0.0,,8.0,1,1,0.0,1,1,0,14.29,0,0,0,0,0,0,,0,3c1166dd58fdbe7402c10f9e8bd0ddc3,1.200,,,,,,,2026-03-25T14:31:38.962809,en,
https://www.example.com/contact,text/html; charset=utf-8,200,200 OK,Non-Indexable,Noindex in Meta Robots; Canonicalised to different URL,Contact Us - Example Domain,27,176,Get in touch with Example.com for support.,43,237,,0,Contact Us,10,Email,5,Phone,5,"noindex, nofollow",,,https://www.example.com/about,Canonicalised,,,,,8000,0,150,8,0.0,0.0,,14.0,1,1,0.0,2,2,0,28.57,0,0,0,0,0,0,,0,266d27871982cfd84273a5865a9554b4,0.350,,,,,,,2026-03-25T14:31:38.962892,en,
https://www.example.com/old-services,text/html,200,302 Found,Non-Indexable,Redirect (302),,0,0,,0,0,,0,,0,,0,,0,,,,,,,,,,0,0,0,0,0.0,0.0,,0.0,2,0,0.0,0,0,0,0.0,0,0,0,0,0,0,,0,,1.500,,https://www.example.com/services,302,,,,2026-03-25T14:31:38.963020,,
